gene,C1B1,C1B2,C1B3,C1B4,C1B5,C1B6,C1B7,C1B8,C1B9,C1B10,C1B11,C2B2,C2B3,C2B4,C2B5
K05299,-0.486635002,-0.05818503,-0.349159914,-0.792643241,0.237834762,-1.28881681,-0.729035855,-0.76562547,-1.634016624,-0.43960247,-0.333056023,-1.76110518,-1.051762086,-0.398917707,-1.364741517
K15022,-0.48612672,-0.372381221,-0.822732206,-0.691052304,-0.809798073,-1.474578499,-0.358195567,-0.48225319,-1.853172397,-1.175530987,-0.818403934,-1.223477836,-0.703306787,-0.365451647,-0.12216715
K01491,0.077219578,-0.303393881,-0.116708097,-0.014802048,-0.276299606,0.148139102,0.818886832,0.345868261,0.509662882,0.073200126,0.181139462,0.825727373,-0.307189755,-0.144366662,-0.030776038
K01500,1.795837434,1.571318945,1.695236654,1.883383551,2.396289932,2.268430196,0.787700804,1.467223654,0.918351378,2.227519342,1.806988362,0.96108982,0.787531903,1.730606341,2.23604976
K00297,0.294510077,-0.248224882,0.176690541,0.542607521,-0.319176834,0.284549182,-0.304242962,-0.449819684,-0.230170501,0.483899127,0.204754727,-0.64986638,0.141065947,0.152803401,0.255333351
